S,B,latency_s,memory_bytes,energy_j,status,is_validation,predicted_flops,predicted_memory_bytes,predicted_bytes_moved,flops_prediction,memory_prediction_bytes,latency_prediction_s,energy_prediction_j,predicted_regime
32,1,0.0007014285000082,18763776,0.0195335396892863,OK,False,18450432.0,4206352.0,4542624.0,18450432.0,4206352.0,0.00042862881322378347,0.0005349345962871018,launch-bound
32,2,0.0004939935000152,18874368,0.0225128568909591,OK,False,36900864.0,4251408.0,4923952.0,36900864.0,4251408.0,0.0004337571933821615,0.0010698691925742035,launch-bound
32,4,0.0005068604999962,19095552,0.0232430501963727,OK,True,73801728.0,4341520.0,5686608.0,73801728.0,4341520.0,0.00044401395369891774,0.002139738385148407,launch-bound
32,8,0.000503153000011,19537920,0.0242073620563105,OK,False,147603456.0,4521744.0,7211920.0,147603456.0,4521744.0,0.0004645274743324301,0.004279476770296814,launch-bound
32,16,0.000498197000013,14843904,0.0252342906795832,OK,False,295206912.0,4882192.0,10262544.0,295206912.0,4882192.0,0.0005055545155994549,0.008558953540593628,launch-bound
32,29,0.000598299499984,15749120,0.0352013967971083,OK,False,535062528.0,5467920.0,15219808.0,535062528.0,5467920.0,0.0005722234576583701,0.015513103292325952,launch-bound
32,32,0.0006154884999887,15958016,0.0352478854796056,OK,False,590413824.0,5603088.0,16363792.0,590413824.0,5603088.0,0.0005876085981335044,0.017117907081187256,launch-bound
32,56,0.0006946005000258,17629184,0.0454465405949853,OK,False,1033224192.0,6684432.0,25515664.0,1033224192.0,6684432.0,0.0007106897219345788,0.0299563373920777,launch-bound
32,64,0.0007483484999966,18186240,0.0496206360432882,OK,True,1180827648.0,7044880.0,28566288.0,1180827648.0,7044880.0,0.0007517167632016034,0.03423581416237451,memory-bound
32,128,0.0020626219999826,59342848,0.1405912432789349,OK,False,2361655296.0,9928464.0,52971280.0,2361655296.0,9928464.0,0.001121149789974643,0.06847162832474903,compute-bound
32,179,0.0029568615000243,76743168,0.2077647207678879,OK,False,3302627328.0,12226320.0,72419008.0,3302627328.0,12226320.0,0.0014214176825509289,0.09575329273539121,compute-bound
32,256,0.003959589499999,103669760,0.2780803840937714,OK,True,4723310592.0,15695632.0,101781264.0,4723310592.0,15695632.0,0.0018747633242837524,0.13694325664949805,compute-bound
64,1,0.0005078645000082,23969792,0.0262566669675022,OK,False,72861696.0,4341520.0,5660832.0,72861696.0,4341520.0,0.00044366729904213314,0.0021124839751477656,launch-bound
64,2,0.0005292394999969,24117248,0.0299923390291338,OK,False,145723392.0,4521744.0,7160368.0,145723392.0,4521744.0,0.0004638341650188609,0.004224967950295531,launch-bound
64,4,0.0005211580000263,24903680,0.0328854479959739,OK,False,291446784.0,4882192.0,10159440.0,291446784.0,4882192.0,0.0005041678969723165,0.008449935900591062,launch-bound
64,8,0.000520865999988,17793536,0.0544432787975925,OK,True,582893568.0,5603088.0,16157584.0,582893568.0,5603088.0,0.0005848353608792277,0.016899871801182124,launch-bound
64,16,0.0010301054999786,19497472,0.0363473497429341,OK,False,1165787136.0,7044880.0,28153872.0,1165787136.0,7044880.0,0.00074617028869305,0.03379974360236425,memory-bound
64,29,0.0008066734999943,21807104,0.0553251591120793,OK,False,2112989184.0,9387792.0,47647840.0,2112989184.0,9387792.0,0.0010417994513182668,0.0612620352792852,compute-bound
64,32,0.0008268905000079,22642688,0.0579719821141744,OK,True,2331574272.0,9928464.0,52146448.0,2331574272.0,9928464.0,0.001111550816385791,0.0675994872047285,compute-bound
64,56,0.0011481800000012,29327360,0.0856570636584356,OK,True,4080254976.0,14253840.0,88135312.0,4080254976.0,14253840.0,0.0016695617369259835,0.11829910260827488,compute-bound
64,64,0.0012994095000067,32210944,0.0975294780655113,OK,True,4663148544.0,15695632.0,100131600.0,4663148544.0,15695632.0,0.001855565377106048,0.135198974409457,compute-bound
64,128,0.004754623999986,76644352,0.3441717362616364,OK,False,9326297088.0,27229968.0,196101904.0,9326297088.0,27229968.0,0.0033435944985465618,0.270397948818914,compute-bound
64,179,0.0067603729999916,100938240,0.4719981589986337,OK,False,13042243584.0,36421392.0,272578240.0,13042243584.0,36421392.0,0.004529367704694471,0.37813463155145005,compute-bound
64,256,0.0091786950000027,138272768,0.5995160932229325,OK,False,18652594176.0,50298640.0,388042512.0,18652594176.0,50298640.0,0.00631965274142759,0.540795897637828,compute-bound
80,1,0.0005116005000047,24052736,0.0278463102233102,OK,False,113670144.0,4442896.0,6499488.0,113670144.0,4442896.0,0.0004549461634058954,0.0032956460092932634,launch-bound
80,2,0.000612781500024,24283136,0.0323634385948069,OK,False,227340288.0,4724496.0,8837680.0,227340288.0,4724496.0,0.00048639189374638547,0.006591292018586527,launch-bound
80,4,0.0005662789999689,25235456,0.0378639506744722,OK,False,454680576.0,5287696.0,13514064.0,454680576.0,5287696.0,0.0005492833544273656,0.013182584037173053,launch-bound
80,8,0.0005370715000196,18752000,0.0359075702161646,OK,False,909361152.0,6414096.0,22866832.0,909361152.0,6414096.0,0.0006750662757893258,0.026365168074346107,launch-bound
80,16,0.0008082699999931,20692992,0.0558128904231938,OK,False,1818722304.0,8666896.0,41572368.0,1818722304.0,8666896.0,0.0009478977274542798,0.052730336148692214,compute-bound
80,29,0.0010598275000006,26791936,0.0817499651036496,OK,False,3296434176.0,12327696.0,71968864.0,3296434176.0,12327696.0,0.0014194414232826357,0.09557373426950463,compute-bound
80,32,0.0010735445000022,27656192,0.0826753925025905,OK,False,3637444608.0,13172496.0,78983440.0,3637444608.0,13172496.0,0.0015282591992430256,0.10546067229738443,compute-bound
80,56,0.0020253000000138,38100992,0.1537064754378714,OK,False,6365528064.0,19930896.0,135100048.0,6365528064.0,19930896.0,0.0023988014069261446,0.18455617652042275,compute-bound
80,64,0.0021891385000003,41582592,0.1619077347599581,OK,False,7274889216.0,22183696.0,153805584.0,7274889216.0,22183696.0,0.002688982142820517,0.21092134459476886,compute-bound
80,128,0.0079479325000022,90931200,0.5625177676280547,OK,False,14549778432.0,40206096.0,303449872.0,14549778432.0,40206096.0,0.0050104280299755,0.4218426891895377,compute-bound
80,179,0.0110184890000084,170356736,0.7484281366817552,OK,False,20346955776.0,54567696.0,422697664.0,20346955776.0,54567696.0,0.006860330221302128,0.5899206356634942,compute-bound
80,256,0.0152745910000078,223707136,1.0176368686344357,OK,True,29099556864.0,76250896.0,602738448.0,29099556864.0,76250896.0,0.009653319804285467,0.8436853783790754,compute-bound
128,1,0.0006159830000171,24412160,0.0399104872280258,OK,False,290506752.0,4882192.0,10133664.0,290506752.0,4882192.0,0.0005038212423155319,0.00842268149059042,launch-bound
128,2,0.0006740880000108,17794048,0.0426173060591781,OK,False,581013504.0,5603088.0,16106032.0,581013504.0,5603088.0,0.0005841420515656585,0.01684536298118084,launch-bound
128,4,0.0006908100000089,19497984,0.0438130549589497,OK,True,1162027008.0,7044880.0,28050768.0,1162027008.0,7044880.0,0.0007447836700659118,0.03369072596236168,memory-bound
128,8,0.0008603384999901,22642688,0.0612702074697732,OK,True,2324054016.0,9928464.0,51940240.0,2324054016.0,9928464.0,0.001109151072988578,0.06738145192472336,compute-bound
128,16,0.0012421675000098,32210944,0.1040447638210187,OK,False,4648108032.0,15695632.0,99719184.0,4648108032.0,15695632.0,0.0018507658903116216,0.13476290384944672,compute-bound
128,29,0.0025449120000189,46628864,0.170948347845088,OK,False,8424695808.0,25067280.0,177359968.0,8424695808.0,25067280.0,0.003055889968461568,0.24425776322712217,compute-bound
128,32,0.0029848980000224,49381376,0.1966766309946734,OK,False,9296216064.0,27229968.0,195277072.0,9296216064.0,27229968.0,0.0033339955249577094,0.26952580769889345,compute-bound
128,56,0.0049569650000194,76120064,0.337420045206515,OK,False,16268378112.0,44531472.0,338613904.0,16268378112.0,44531472.0,0.005558839976926841,0.47167016347306356,compute-bound
128,64,0.0055100824999954,119316480,0.3563916102712807,OK,False,18592432128.0,50298640.0,386392848.0,18592432128.0,50298640.0,0.006300454794249884,0.5390516153977869,compute-bound
128,128,0.0156160379999903,223518720,1.1125702041105965,OK,False,37184864256.0,96435984.0,768624400.0,37184864256.0,96435984.0,0.012233373332834235,1.0781032307955738,compute-bound
128,179,0.0220491620000302,321093632,1.504948415142957,OK,False,52000708608.0,133201680.0,1073215168.0,52000708608.0,133201680.0,0.01696116779326864,1.5076599868156852,compute-bound
128,256,0.0311151850000044,431923200,2.0493841110046773,OK,False,74369728512.0,188710672.0,1533087504.0,74369728512.0,188710672.0,0.024099210410002937,2.1562064615911476,compute-bound
224,1,0.0005393675000107,18699776,0.0351230335641553,OK,False,889030656.0,6369040.0,22433952.0,889030656.0,6369040.0,0.0006692445863173786,0.025775724658057723,launch-bound
224,2,0.0006610705000014,21308928,0.0465120337680504,OK,True,1778061312.0,8576784.0,40706608.0,1778061312.0,8576784.0,0.0009349226442820934,0.051551449316115446,compute-bound
224,4,0.0010751175000223,27377664,0.0850929832239494,OK,False,3556122624.0,12992272.0,77251920.0,3556122624.0,12992272.0,0.0015023090328986528,0.10310289863223089,compute-bound
224,8,0.0021934155000167,41025536,0.1593624635533662,OK,False,7112245248.0,21823248.0,150342544.0,7112245248.0,21823248.0,0.002637081810131772,0.20620579726446178,compute-bound
224,16,0.0044534810000129,68780032,0.3055354535449802,OK,False,14224490496.0,39485200.0,296523792.0,14224490496.0,39485200.0,0.004906627364598009,0.41241159452892356,compute-bound
224,29,0.007829595000004,170196992,0.5448268978978433,OK,False,25781889024.0,68185872.0,534068320.0,25781889024.0,68185872.0,0.008594638890605646,0.747496015083674,compute-bound
224,32,0.0084410814999955,174673920,0.5647805861001076,OK,False,28448980992.0,74809104.0,588886288.0,28448980992.0,74809104.0,0.009445718473530484,0.8248231890578471,compute-bound
224,56,0.0149507250000056,320995328,1.0869956420268008,OK,False,49785716736.0,127794960.0,1027430032.0,49785716736.0,127794960.0,0.0162543551369292,1.4434405808512325,compute-bound
224,64,0.0160356170000284,335904768,1.0534693735922522,OK,False,56897961984.0,145456912.0,1173611280.0,56897961984.0,145456912.0,0.018523900691395437,1.6496463781156943,compute-bound
224,128,0.0491667870000185,655458304,3.1164567907630243,OK,False,113795923968.0,286752528.0,2343061264.0,113795923968.0,286752528.0,0.036680265127125335,3.2992927562313885,compute-bound
224,179,0.0714752389999944,950431744,4.883694456568218,OK,False,159136487424.0,399347472.0,3274966720.0,159136487424.0,399347472.0,0.0511486180368476,4.613854713792332,compute-bound
224,256,0.1004977939999776,1292992512,6.666622095161648,OK,False,227591847936.0,569343760.0,4681961232.0,227591847936.0,569343760.0,0.07299299399858514,6.598585512462777,compute-bound
256,1,0.0005269504999887,19499008,0.0355557458436941,OK,False,1161086976.0,7044880.0,28024992.0,1161086976.0,7044880.0,0.000744437015409127,0.03366347155236104,memory-bound
256,2,0.000692674000021,22906880,0.0538281512491855,OK,False,2322173952.0,9928464.0,51888688.0,2322173952.0,9928464.0,0.0011085511371392745,0.06732694310472208,compute-bound
256,4,0.0012814915000092,32210944,0.0978214551016693,OK,False,4644347904.0,15695632.0,99616080.0,4644347904.0,15695632.0,0.0018495660186130152,0.13465388620944416,compute-bound
256,8,0.0030022205000079,49381376,0.2143857378828618,OK,False,9288695808.0,27229968.0,195070864.0,9288695808.0,27229968.0,0.0033315957815604966,0.2693077724188883,compute-bound
256,16,0.0054864480000276,119316480,0.3485867932853625,OK,False,18577391616.0,50298640.0,385980432.0,18577391616.0,50298640.0,0.0062956553074554585,0.5386155448377766,compute-bound
256,29,0.0096747894999964,217751552,0.6729103757141413,OK,True,33671522304.0,87785232.0,696208480.0,33671522304.0,87785232.0,0.011112252037034772,0.9762406750184702,compute-bound
256,32,0.0105612914999824,223518720,0.735446064181797,OK,True,37154783232.0,96435984.0,767799568.0,37154783232.0,96435984.0,0.012223774359245383,1.0772310896755533,compute-bound
256,56,0.0185713970000165,413048832,1.299016851437245,OK,False,65020870656.0,165642000.0,1340528272.0,65020870656.0,165642000.0,0.021115952936930273,1.8851544069322184,compute-bound
256,64,0.0205694499999822,431923200,1.4612070473944392,OK,False,74309566464.0,188710672.0,1531437840.0,74309566464.0,188710672.0,0.024080012462825234,2.1544621793511065,compute-bound
256,128,0.0619140944999969,848732160,4.198817342813739,OK,True,148619132928.0,373260048.0,3058714384.0,148619132928.0,373260048.0,0.04779248866998493,4.308924358702213,compute-bound
256,179,0.0891034499999818,1236631552,5.929055345774932,OK,False,207834568704.0,520322832.0,4275762880.0,207834568704.0,520322832.0,0.0666883681475653,6.0257614078726265,compute-bound
256,256,0.1245562739999854,1683062784,8.63972395345194,OK,False,297238265856.0,742358800.0,6113267472.0,297238265856.0,742358800.0,0.09521744108430433,8.617848717404426,compute-bound
272,1,0.0005637390000003,19938304,0.0365423808684135,OK,False,1310717952.0,7416592.0,31100064.0,1310717952.0,7416592.0,0.0007857928514095888,0.03800173234422787,memory-bound
272,2,0.0007356640000182,23822336,0.0635167884156894,OK,False,2621435904.0,10671888.0,58038832.0,2621435904.0,10671888.0,0.0012040468082107243,0.07600346468845574,compute-bound
272,4,0.0014077510000163,33853440,0.1115150370350155,OK,False,5242871808.0,17182480.0,111916368.0,5242871808.0,17182480.0,0.0020405573607559144,0.1520069293769115,compute-bound
272,8,0.0035625874999993,53977088,0.2292880401712581,OK,False,10485743616.0,30203664.0,219671440.0,10485743616.0,30203664.0,0.003713578465846295,0.304013858753823,compute-bound
272,16,0.0062253120000264,125280256,0.4002672497269016,OK,True,20971487232.0,56246032.0,435181584.0,20971487232.0,56246032.0,0.0070596206760270555,0.608027717507646,compute-bound
272,29,0.011310928499995,225260544,0.7203491623967107,OK,False,38010820608.0,98564880.0,785385568.0,38010820608.0,98564880.0,0.012496939267570792,1.1020502379826083,compute-bound
272,32,0.012050135499976,234201088,0.7895904345319253,OK,True,41942974464.0,108330768.0,866201872.0,41942974464.0,108330768.0,0.013751705096388577,1.216055435015292,compute-bound
272,56,0.0212804450000021,431923200,1.4052007470447478,OK,True,73400205312.0,186457872.0,1512732304.0,73400205312.0,186457872.0,0.02378983172693086,2.1280970112767603,compute-bound
272,64,0.0239079119999985,451387392,1.6300582074159045,OK,False,83885948928.0,212500240.0,1728242448.0,83885948928.0,212500240.0,0.027135873937111622,2.432110870030584,compute-bound
272,128,0.0731954130000076,887660544,5.166300748304133,OK,False,167771897856.0,420839184.0,3452323600.0,167771897856.0,420839184.0,0.053904211618557706,4.864221740061168,compute-bound
272,179,0.1062996200000157,1290973184,6.996812597075691,OK,True,234618513408.0,586859280.0,4826200768.0,234618513408.0,586859280.0,0.07523523070846005,6.802310089616789,compute-bound
272,256,0.1489281740000478,1761968128,10.247960576534568,OK,True,335543795712.0,837517072.0,6900485904.0,335543795712.0,837517072.0,0.10744088698144988,9.728443480122335,compute-bound
352,1,0.0007327945000383,22535168,0.055411629156748,OK,False,2194900992.0,9613072.0,49270944.0,2194900992.0,9613072.0,0.0010679378328310484,0.06363690975071365,compute-bound
352,2,0.001344660500024,30580736,0.1063404220831973,OK,True,4389801984.0,15064848.0,94380592.0,4389801984.0,15064848.0,0.0017683394099965628,0.1272738195014273,compute-bound
352,4,0.0029661805000387,48529408,0.1926107267632449,OK,True,8779603968.0,25968400.0,184599888.0,8779603968.0,25968400.0,0.0031691425643275914,0.2545476390028546,compute-bound
352,8,0.0058181474999514,82739200,0.4047573461231297,OK,True,17559207936.0,47775504.0,365038480.0,17559207936.0,47775504.0,0.005970748872989649,0.5090952780057092,compute-bound
352,16,0.0104517995000605,191234048,0.7319466798123004,OK,True,35118415872.0,91389712.0,725915664.0,35118415872.0,91389712.0,0.011573961490313764,1.0181905560114184,compute-bound
352,29,0.0183727405000126,354336768,1.3112648271470118,OK,False,63652128768.0,162262800.0,1312341088.0,63652128768.0,162262800.0,0.020679181993465454,1.845470382770696,compute-bound
352,32,0.0201616549999243,366837760,1.4169640295825778,OK,False,70236831744.0,178618128.0,1447670032.0,70236831744.0,178618128.0,0.022780386724961996,2.036381112022837,compute-bound
352,56,0.0357409629999665,681607168,2.4827340416105868,OK,True,122914455552.0,309460752.0,2530301584.0,122914455552.0,309460752.0,0.03959002457693434,3.563666946039965,compute-bound
352,64,0.0403559719999861,717586432,2.939638965472588,OK,False,140473663488.0,353074960.0,2891178768.0,140473663488.0,353074960.0,0.045193237194258454,4.072762224045674,compute-bound
352,128,0.1215569770000684,1418821632,8.320876736007644,OK,False,280947326976.0,701988624.0,5778196240.0,280947326976.0,701988624.0,0.09001893813285138,8.145524448091347,compute-bound
352,179,0.1768406179999146,2060992512,11.79750676977223,OK,False,392887277568.0,980029200.0,8078788288.0,392887277568.0,980029200.0,0.12573941856829263,11.391006845377744,compute-bound
352,256,0.2487390510000295,2819719168,17.25585424748114,OK,True,561894653952.0,1399815952.0,11552231184.0,561894653952.0,1399815952.0,0.17967034001003723,16.291048896182694,compute-bound
384,1,0.000834917499958,23822336,0.0626492922257928,OK,False,2612054016.0,10649360.0,57843872.0,2612054016.0,10649360.0,0.0012010530106882208,0.07573145498864542,compute-bound
384,2,0.0015226259999963,33783808,0.1218811353189689,OK,False,5224108032.0,17137424.0,111526448.0,5224108032.0,17137424.0,0.0020345697657109074,0.15146290997729084,compute-bound
384,4,0.0035877729999924,53837824,0.2327531005768698,OK,False,10448216064.0,30113552.0,218891600.0,10448216064.0,30113552.0,0.003701603275756281,0.3029258199545817,compute-bound
384,8,0.0067962415000124,95125504,0.4678279076037215,OK,True,20896432128.0,56065808.0,433621904.0,20896432128.0,56065808.0,0.007035670295847027,0.6058516399091634,compute-bound
384,16,0.0123355190000324,227639296,0.8033784744676287,OK,False,41792864256.0,107970320.0,863082512.0,41792864256.0,107970320.0,0.013703804336028521,1.2117032798183267,compute-bound
384,29,0.0219504924999682,421122048,1.4292473816512343,OK,False,75749566464.0,192315152.0,1560956000.0,75749566464.0,192315152.0,0.024539522151323448,2.196212194670717,compute-bound
384,32,0.0236949909999566,436260864,1.570473430614885,OK,True,83585728512.0,211779344.0,1722003728.0,83585728512.0,211779344.0,0.02704007241639151,2.4234065596366534,compute-bound
384,56,0.0419360909999682,815988736,2.850365133445221,OK,False,146275024896.0,367492880.0,3010385552.0,146275024896.0,367492880.0,0.04704447453693598,4.240961479364143,compute-bound
384,64,0.046929417000058,857407488,3.284281600439181,OK,False,167171457024.0,419397392.0,3439846160.0,167171457024.0,419397392.0,0.05371260857711748,4.846813119273307,compute-bound
384,128,0.1417966210000258,1699840000,9.99425827530521,OK,False,334342914048.0,834633488.0,6875531024.0,334342914048.0,834633488.0,0.10705768089856943,9.693626238546614,compute-bound
384,179,0.205035907000024,2474541056,13.656652171262682,OK,False,467557668864.0,1165524752.0,9613342400.0,467557668864.0,1165524752.0,0.14956703540472646,13.555930442967528,compute-bound
384,256,0.2893010500000628,3384287232,19.873799711868,OK,False,668685828096.0,1665105680.0,13746900752.0,668685828096.0,1665105680.0,0.21374782554147334,19.387252477093227,compute-bound
400,1,0.0007770670000013,24609792,0.061548547615794,OK,True,2834233344.0,11201296.0,62409888.0,2834233344.0,11201296.0,0.0012719513119382362,0.08217311495232645,compute-bound
400,2,0.0016013510000334,35489792,0.1246300404956121,OK,False,5668466688.0,18241296.0,120658480.0,5668466688.0,18241296.0,0.002176366368210938,0.1643462299046529,compute-bound
400,4,0.0036629405000212,57741312,0.2478886290039454,OK,False,11336933376.0,32321296.0,237155664.0,11336933376.0,32321296.0,0.003985196480756343,0.3286924598093058,compute-bound
400,8,0.0071948290000136,102244352,0.4694731656912683,OK,False,22673866752.0,60481296.0,470150032.0,22673866752.0,60481296.0,0.007602856705847151,0.6573849196186116,compute-bound
400,16,0.013193966000017,259096576,0.8538451363587197,OK,False,45347733504.0,116801296.0,936138768.0,45347733504.0,116801296.0,0.014838177156028769,1.3147698392372231,compute-bound
400,29,0.0240734039999779,482766848,1.635158028951137,OK,True,82192766976.0,208321296.0,1693370464.0,82192766976.0,208321296.0,0.0265955728875739,2.383020333617467,compute-bound
400,32,0.0258901209999748,499458048,1.8325174937774735,OK,False,90695467008.0,229441296.0,1868116240.0,90695467008.0,229441296.0,0.029308818056392006,2.6295396784744463,compute-bound
400,56,0.0461550460000239,936075264,3.1585537534455894,OK,False,158717067264.0,398401296.0,3266082448.0,158717067264.0,398401296.0,0.05101477940693686,4.6016944373302815,compute-bound
400,64,0.0516663289999996,983007232,3.431732630929919,OK,False,181390934016.0,454721296.0,3732071184.0,181390934016.0,454721296.0,0.05825009985711847,5.2590793569488925,compute-bound
400,128,0.1605832129999953,1948557312,11.215077190933004,OK,True,362781868032.0,905281296.0,7459981072.0,362781868032.0,905281296.0,0.11613266345857141,10.518158713897785,compute-bound
400,179,0.2312122499999986,2841688064,15.936998336781002,OK,False,507327768576.0,1264321296.0,10430659264.0,507327768576.0,1264321296.0,0.16225783132847924,14.708987576466434,compute-bound
400,256,0.3239346320000322,3883048960,22.44634953006267,OK,False,725563736064.0,1806401296.0,14915800848.0,725563736064.0,1806401296.0,0.2318977906614773,21.03631742779557,compute-bound
512,1,0.0013577314999793,32210944,0.102359842950897,OK,False,4643407872.0,15695632.0,99590304.0,4643407872.0,15695632.0,0.0018492660506883635,0.13462663179944354,compute-bound
512,2,0.0029153500000234,49381376,0.2105225610021735,OK,False,9286815744.0,27229968.0,195019312.0,9286815744.0,27229968.0,0.0033309958457111927,0.26925326359888707,compute-bound
512,4,0.0059168389999513,85032960,0.390730835425819,OK,False,18573631488.0,50298640.0,385877328.0,18573631488.0,50298640.0,0.006294455435756852,0.5385065271977741,compute-bound
512,8,0.0115162220000115,156336128,0.7555392562427133,OK,True,37147262976.0,96435984.0,767593360.0,37147262976.0,96435984.0,0.01222137461584817,1.0770130543955483,compute-bound
512,16,0.0206871499999579,399734784,1.3357418674432695,OK,False,74294525952.0,188710672.0,1531025424.0,74294525952.0,188710672.0,0.024075212976030807,2.1540261087910966,compute-bound
512,29,0.0380057689999944,757092352,2.5718629847886607,OK,True,134658828288.0,338657040.0,2771602528.0,134658828288.0,338657040.0,0.04333770031132759,3.9041723221838622,compute-bound
512,32,0.0412024384999654,784355328,2.764613552655389,OK,False,148589051904.0,373260048.0,3057889552.0,148589051904.0,373260048.0,0.047782889696396075,4.308052217582193,compute-bound
512,56,0.073871060999977,1478098944,5.178626189293466,OK,False,260030840832.0,650084112.0,5348185744.0,260030840832.0,650084112.0,0.08334440477694399,7.539091380768838,compute-bound
512,64,0.0828136139999742,1553596416,5.421807475716402,OK,False,297178103808.0,742358800.0,6111617808.0,297178103808.0,742358800.0,0.09519824313712662,8.616104435164386,compute-bound
512,128,0.2522993950000227,3092348928,17.58255893075505,OK,False,594356207616.0,1480556304.0,12219074320.0,594356207616.0,1480556304.0,0.19002895001858772,17.232208870328773,compute-bound
512,179,0.3660028629999488,4508925952,25.1240099809535,OK,True,831170009088.0,2068807440.0,17085953728.0,831170009088.0,2068807440.0,0.26559716956475204,24.098167092100393,compute-bound
512,256,0.5128195429999778,6169042944,35.24734706454409,OK,False,1188712415232.0,2956951312.0,24433987344.0,1188712415232.0,2956951312.0,0.3796903637815099,34.464417740657545,compute-bound
